src_port,dst_port,packet_size,duration_ms,protocol,confidence_score,llm_explanation
8080,11663,1433,457,TCP,-0.027897894330391915,"The sensor reading indicates a TCP connection with a packet size of 1433 bytes and a duration of 457 milliseconds. This is an unusually large packet size for a typical TCP connection, which typically have packet sizes ranging from 500 to 1500 bytes.   A possible cause of this anomaly could be a network congestion or a malfunctioning network device that is sending or receiving larger packets than usual. It could also be due to a network attack such as a denial-of-service (DoS) attack, where the attacker sends large packets to overwhelm the network or a specific server.  It is recommended to investigate further to determine the root cause of the anomaly and take appropriate action to mitigate any potential security risks."
22,65529,1360,462,UDP,-0.003319735108397781,"The sensor reading indicates an anomaly in network traffic. The packet size of 1360 bytes is unusually large for a UDP packet, which typically have a maximum size of 65535 bytes. The duration of 462 ms is also longer than the typical duration of a UDP packet.  Possible causes of this anomaly could be a network congestion or a denial-of-service (DoS) attack. Network congestion can occur when there is an increase in network traffic, which can cause packets to be delayed or dropped. A DoS attack can be launched by sending large packets or a flood of packets to a target server, which can cause it to become overwhelmed and crash.  It is recommended to investigate the source of the traffic and determine if it is legitimate or malicious. Additionally, it may be necessary to implement network security measures to prevent future DoS attacks and mitigate the impact of network"
6666,62837,248,55,TCP,-0.05588964707314559,The anomaly in this sensor reading is the high packet size of 248 bytes. This could be caused by a network congestion or a malfunctioning device sending larger packets than usual. It is recommended to investigate the source of the traffic and check for any potential issues that could be causing the increased packet size.
8080,60113,1452,313,UDP,-0.01783057191519044,"Based on the sensor reading provided, it appears that there is an anomaly in the network traffic. Specifically, the packet size of 1452 bytes is larger than the typical maximum size for UDP packets, which is generally around 576 bytes. This could indicate a potential issue with the network or application that is generating these large packets.  One possible cause of this anomaly could be a problem with the application or service that is sending the traffic. For example, if the application is not properly configured or optimized, it may be sending larger packets than necessary, which could lead to network congestion or other issues. Another possible cause could be a problem with the network itself, such as a routing issue or a problem with the network interface card (NIC).  To further investigate this anomaly, it may be helpful to collect additional sensor readings and analyze the traffic patterns to determine the root cause of the issue."
8080,23263,1241,414,UDP,-0.01788966009319448,"The sensor reading indicates an anomaly in network traffic. The packet size is unusually large, which could be due to a network congestion or a malfunctioning device. The duration of the packet is also longer than usual, which could be due to a slow connection or a network delay. The protocol used is UDP, which is a connectionless protocol, and this could be contributing to the anomaly.  Possible causes of this anomaly could be a network congestion, a malfunctioning device, a slow connection, or a network delay. It is recommended to investigate further to determine the root cause of the anomaly and take appropriate action to resolve it."
8080,53663,194,392,UDP,-0.03876247607698391,"Based on the provided sensor reading, it appears that there is a potential UDP port scanning anomaly. Port scanning is a technique used by attackers to identify open ports on a target system. The anomaly could be caused by a malicious actor attempting to scan the system for vulnerabilities or by a legitimate user performing a security audit. It is recommended to investigate the source of the traffic and take appropriate measures to secure the system."
443,53922,837,57,UDP,-0.003968425259982866,The anomaly detected in the sensor reading is a sudden increase in packet size. The packet size of 837 bytes is significantly larger than the expected size for the given protocol (UDP).  A possible cause for this anomaly could be a network congestion or a malfunctioning device that is sending abnormally large packets. It could also be a result of a denial-of-service (DoS) attack where the attacker is flooding the network with large packets to overwhelm the target device.  It is recommended to investigate further to determine the root cause of the anomaly and take appropriate action to mitigate the issue.
443,42196,7430,98,TCP,-0.008996342665675172,"Based on the sensor reading provided, the anomaly detected is a large packet size of 7430 bytes. This could indicate a potential denial-of-service (DoS) attack or a malicious traffic injection.  A possible cause of this anomaly could be a botnet or malicious software (malware) that is sending large amounts of data to overwhelm the system or network. It could also be a legitimate traffic that is experiencing issues with packet loss or congestion.  It is recommended to investigate further and monitor the network traffic to determine the root cause of the anomaly and take appropriate action to mitigate the risk."
6666,64608,829,434,TCP,-0.013327801489969926,"Based on the sensor reading provided, the anomaly detected is a high packet size (829 bytes) in a TCP packet. This could indicate a potential network congestion or a malfunctioning device sending or receiving large amounts of data.  Possible causes of this anomaly could be:  1. A device with a slow or unreliable internet connection sending or receiving large files. 2. A malware infection on a device causing it to send or receive abnormally large amounts of data. 3. A network congestion issue caused by a high volume of traffic or a problem with the network infrastructure. 4. A misconfigured firewall or network device that is allowing or blocking large packets.  It is recommended to investigate further and gather more information about the network and devices involved to determine the root cause of the anomaly."
9999,63104,607,453,TCP,-0.029556780972734065,"The sensor reading indicates an anomaly in the network traffic. Specifically, the packet size of 607 bytes is unusually large for a TCP connection. This could be caused by a variety of issues, such as a network congestion, a malfunctioning device, or a denial-of-service (DoS) attack. It is recommended to investigate further to determine the root cause of the anomaly."
6666,61402,1320,218,TCP,-0.019883539911364045,"The anomaly detected in the sensor reading is a TCP SYN flood attack. This type of attack involves sending a large number of SYN packets to a target server, which can cause the server to become overwhelmed and crash.  Possible causes of this anomaly could include a botnet or other automated tool designed to launch a SYN flood attack. It could also be caused by a malicious actor attempting to exploit a vulnerability in the target server or network. Additionally, it could be a result of a misconfigured firewall or intrusion detection system that is not properly set up to handle SYN flood attacks."
